{"err": 34.28443717223755, "_timestamp": 1699545398.9617827, "_runtime": 109.64105558395386, "_step": 0, "_wandb": {"runtime": 109}}