{"err": 104.6327890824432, "_timestamp": 1699554491.099138, "_runtime": 73.08326411247253, "_step": 0, "_wandb": {"runtime": 72}}