{"err": 96.52565872080615, "_timestamp": 1699559878.1339934, "_runtime": 79.29600143432617, "_step": 0, "_wandb": {"runtime": 78}}