{"err": 162.73586552072808, "_timestamp": 1699546564.911017, "_runtime": 83.04586887359619, "_step": 0, "_wandb": {"runtime": 82}}