{"err": 5.785499771572862, "_timestamp": 1699579402.490253, "_runtime": 182.88478899002075, "_step": 0, "_wandb": {"runtime": 182}}