{"err": 87.76982267173096, "_timestamp": 1699564087.3781226, "_runtime": 77.12433362007141, "_step": 0, "_wandb": {"runtime": 76}}