{"err": 38.63794426674823, "_timestamp": 1699575223.8431242, "_runtime": 208.8771641254425, "_step": 0, "_wandb": {"runtime": 208}}