{"err": 40.67521704461667, "_timestamp": 1699551048.9951942, "_runtime": 82.45572924613953, "_step": 0, "_wandb": {"runtime": 81}}