{"err": 42.96604879294038, "_timestamp": 1699544397.157104, "_runtime": 66.05351901054382, "_step": 0, "_wandb": {"runtime": 65}}