{"err": 106.61719185224074, "_timestamp": 1699535234.6878917, "_runtime": 96.36520075798035, "_step": 0, "_wandb": {"runtime": 95}}