{"err": 92.11937566137544, "_timestamp": 1699535489.8693757, "_runtime": 82.93536376953125, "_step": 0, "_wandb": {"runtime": 82}}