{"err": 89.40946961325457, "_timestamp": 1699540931.494272, "_runtime": 82.47259998321533, "_step": 0, "_wandb": {"runtime": 81}}