{"err": 0.31178324350733644, "_timestamp": 1688941641.8081572, "_runtime": 61.901331186294556, "_step": 0, "_wandb": {"runtime": 60}}