{"err": 956378184.7777373, "_timestamp": 1699546104.4615936, "_runtime": 173.1647355556488, "_step": 0, "_wandb": {"runtime": 172}}