{"err": 14.764892772658303, "_timestamp": 1699551365.4773686, "_runtime": 82.54985356330872, "_step": 0, "_wandb": {"runtime": 82}}