{"err": 103.67277969239436, "_timestamp": 1699576547.6499252, "_runtime": 105.31241917610168, "_step": 0, "_wandb": {"runtime": 104}}