{"err": 54.57256704357987, "_timestamp": 1699551274.9561248, "_runtime": 81.75860166549683, "_step": 0, "_wandb": {"runtime": 81}}