{"err": 26.280176009817115, "_timestamp": 1699531200.3791094, "_runtime": 100.18681740760803, "_step": 0, "_wandb": {"runtime": 99}}