{"err": 101.23080885008659, "_timestamp": 1699573514.326773, "_runtime": 226.37448287010193, "_step": 0, "_wandb": {"runtime": 225}}