{"err": 45.29825547564691, "_timestamp": 1699538190.505679, "_runtime": 109.94210386276245, "_step": 0, "_wandb": {"runtime": 108}}