{"err": 17.825708994633192, "_timestamp": 1699550649.1027997, "_runtime": 82.51250457763672, "_step": 0, "_wandb": {"runtime": 81}}