{"err": 34.60632671978472, "_timestamp": 1699539465.7006595, "_runtime": 109.55472254753113, "_step": 0, "_wandb": {"runtime": 108}}