{"err": 0.002107429446414721, "_timestamp": 1688942881.63761, "_runtime": 91.56035089492798, "_step": 0, "_wandb": {"runtime": 90}}