{"err": 154.47711005220168, "_timestamp": 1699549609.1527562, "_runtime": 65.0007312297821, "_step": 0, "_wandb": {"runtime": 64}}