{"err": 0.004497657741669155, "_timestamp": 1688946365.3642392, "_runtime": 69.2956531047821, "_step": 0, "_wandb": {"runtime": 68}}