{"err": 161.26990571712574, "_timestamp": 1699529600.9602346, "_runtime": 43.879958629608154, "_step": 0, "_wandb": {"runtime": 42}}