{"err": 18.932004024792924, "_timestamp": 1699561711.77596, "_runtime": 74.26449990272522, "_step": 0, "_wandb": {"runtime": 73}}