{"err": 101.85054870507972, "_timestamp": 1699564481.3566542, "_runtime": 75.78823804855347, "_step": 0, "_wandb": {"runtime": 75}}