{"err": 137.03456699765377, "_timestamp": 1699530323.7453752, "_runtime": 43.47100305557251, "_step": 0, "_wandb": {"runtime": 42}}