{"err": 0.3639383936243688, "_timestamp": 1688943687.80946, "_runtime": 48.236374855041504, "_step": 0, "_wandb": {"runtime": 47}}