{"err": 44.046648632788624, "_timestamp": 1699559267.1963925, "_runtime": 79.27682042121887, "_step": 0, "_wandb": {"runtime": 78}}