{"err": 19.147761411035773, "_timestamp": 1699530829.9253964, "_runtime": 42.03623938560486, "_step": 0, "_wandb": {"runtime": 40}}