{"err": 220.09514279266048, "_timestamp": 1699532130.0210059, "_runtime": 41.905696868896484, "_step": 0, "_wandb": {"runtime": 40}}