{"err": 0.0030853421847726525, "_timestamp": 1688947152.306343, "_runtime": 88.41221618652344, "_step": 0, "_wandb": {"runtime": 87}}