{"err": 0.0027797789125482515, "_timestamp": 1688943786.0539923, "_runtime": 94.79865837097168, "_step": 0, "_wandb": {"runtime": 93}}