{"err": 0.013584946472714597, "_timestamp": 1688943498.7945452, "_runtime": 83.16379022598267, "_step": 0, "_wandb": {"runtime": 81}}