{"err": 14.010242706798422, "_timestamp": 1699554078.835321, "_runtime": 92.55135297775269, "_step": 0, "_wandb": {"runtime": 92}}