{"err": 45.40211298969153, "_timestamp": 1699561444.6131232, "_runtime": 79.44601917266846, "_step": 0, "_wandb": {"runtime": 78}}