{"err": 24.92853549662066, "_timestamp": 1699539690.3014123, "_runtime": 104.12717342376709, "_step": 0, "_wandb": {"runtime": 103}}