{"err": 0.01198972714133952, "_timestamp": 1688944135.5646155, "_runtime": 85.79254937171936, "_step": 0, "_wandb": {"runtime": 84}}