{"err": 129.40291419263875, "_timestamp": 1699549535.5515733, "_runtime": 72.34417939186096, "_step": 0, "_wandb": {"runtime": 71}}