{"err": 53.10579711609199, "_timestamp": 1699557183.9343421, "_runtime": 79.48196625709534, "_step": 0, "_wandb": {"runtime": 78}}