{"err": 26.41686766696242, "_timestamp": 1699544943.5583606, "_runtime": 222.3041455745697, "_step": 0, "_wandb": {"runtime": 221}}