{"err": 45.4218382228596, "_timestamp": 1699564854.1492565, "_runtime": 138.5175154209137, "_step": 0, "_wandb": {"runtime": 138}}