{"err": 193.34525489636655, "_timestamp": 1699553504.0691326, "_runtime": 91.43279361724854, "_step": 0, "_wandb": {"runtime": 90}}