{"err": 5.427849962413526, "_timestamp": 1699532695.109456, "_runtime": 80.66897702217102, "_step": 0, "_wandb": {"runtime": 79}}