{"err": 77.77235012737582, "_timestamp": 1699552117.4038498, "_runtime": 76.9279568195343, "_step": 0, "_wandb": {"runtime": 76}}