{"err": 44.25093380257157, "_timestamp": 1699547679.4243658, "_runtime": 165.78970074653625, "_step": 0, "_wandb": {"runtime": 165}}