{"err": 44.75966426294093, "_timestamp": 1699529032.0275526, "_runtime": 66.24765849113464, "_step": 0, "_wandb": {"runtime": 64}}