{"err": 6.632337664196464, "_timestamp": 1699541393.2954724, "_runtime": 109.31457734107971, "_step": 0, "_wandb": {"runtime": 108}}