{"err": 0.0030906180018466663, "_timestamp": 1688943951.074641, "_runtime": 85.46267008781433, "_step": 0, "_wandb": {"runtime": 84}}