{"err": 98.22880825945673, "_timestamp": 1699535317.5777037, "_runtime": 76.97260475158691, "_step": 0, "_wandb": {"runtime": 76}}