{"err": 0.001708302723200496, "_timestamp": 1688947746.7280142, "_runtime": 72.14583921432495, "_step": 0, "_wandb": {"runtime": 71}}