{"err": 25.11445258973362, "_timestamp": 1699536398.6006436, "_runtime": 126.5059745311737, "_step": 0, "_wandb": {"runtime": 125}}