{"err": 0.004723177486093937, "_timestamp": 1688946079.0165734, "_runtime": 44.73806953430176, "_step": 0, "_wandb": {"runtime": 43}}