{"err": 0.011994538120155628, "_timestamp": 1688943095.4151576, "_runtime": 69.42593765258789, "_step": 0, "_wandb": {"runtime": 68}}