{"err": 625863437645.2847, "_timestamp": 1699532509.0859904, "_runtime": 123.11686038970947, "_step": 0, "_wandb": {"runtime": 122}}