{"err": 9.805297205803583, "_timestamp": 1699552296.9524574, "_runtime": 76.50814151763916, "_step": 0, "_wandb": {"runtime": 75}}