{"err": 42.032326210515045, "_timestamp": 1699581245.7277772, "_runtime": 75.94019412994385, "_step": 0, "_wandb": {"runtime": 75}}