{"err": 58.39061109420778, "_timestamp": 1699565294.4448118, "_runtime": 115.81144881248474, "_step": 0, "_wandb": {"runtime": 115}}