{"err": 10.958147218331954, "_timestamp": 1699539919.9103465, "_runtime": 109.42858648300171, "_step": 0, "_wandb": {"runtime": 108}}