{"err": 31.800230599884845, "_timestamp": 1699549129.2032933, "_runtime": 124.71386742591858, "_step": 0, "_wandb": {"runtime": 124}}