{"err": 41.29340558991023, "_timestamp": 1699539580.5872366, "_runtime": 109.53405261039734, "_step": 0, "_wandb": {"runtime": 108}}