{"err": 45.412399942726786, "_timestamp": 1699565753.0201564, "_runtime": 183.41238141059875, "_step": 0, "_wandb": {"runtime": 182}}