{"err": 0.00538294985287219, "_timestamp": 1688946415.0006735, "_runtime": 44.81870245933533, "_step": 0, "_wandb": {"runtime": 43}}