{"err": 69.14736933087005, "_timestamp": 1699581998.2208235, "_runtime": 80.8000066280365, "_step": 0, "_wandb": {"runtime": 80}}