{"err": 30.786770823680612, "_timestamp": 1699559089.2987852, "_runtime": 94.96363830566406, "_step": 0, "_wandb": {"runtime": 94}}