{"err": 0.0029287234261216786, "_timestamp": 1688945194.6910634, "_runtime": 93.78175330162048, "_step": 0, "_wandb": {"runtime": 92}}