{"err": 34.595289937943704, "_timestamp": 1699572549.9380677, "_runtime": 292.31626558303833, "_step": 0, "_wandb": {"runtime": 291}}