{"err": 122.05332071155365, "_timestamp": 1699555022.8790586, "_runtime": 75.02257561683655, "_step": 0, "_wandb": {"runtime": 74}}