{"err": 377.3740077911329, "_timestamp": 1699529802.4232733, "_runtime": 43.615562438964844, "_step": 0, "_wandb": {"runtime": 42}}