{"err": 35.96302652312652, "_timestamp": 1699545783.7249718, "_runtime": 220.94924783706665, "_step": 0, "_wandb": {"runtime": 220}}