{"err": 89.4201281445694, "_timestamp": 1699580053.6164205, "_runtime": 132.73818039894104, "_step": 0, "_wandb": {"runtime": 132}}