{"err": 200.65414458225655, "_timestamp": 1699580943.7468255, "_runtime": 74.93427538871765, "_step": 0, "_wandb": {"runtime": 74}}