{"err": 290.30184048917937, "_timestamp": 1699568875.2123823, "_runtime": 248.57208728790283, "_step": 0, "_wandb": {"runtime": 248}}