{"err": 0.002721273874351878, "_timestamp": 1688947986.8390822, "_runtime": 71.66699624061584, "_step": 0, "_wandb": {"runtime": 70}}