{"err": 12.41253733035087, "_timestamp": 1699531612.7481816, "_runtime": 175.2923765182495, "_step": 0, "_wandb": {"runtime": 174}}