{"err": 34.374700826208496, "_timestamp": 1699529646.3141675, "_runtime": 41.296597480773926, "_step": 0, "_wandb": {"runtime": 40}}