{"err": 42.92844024954111, "_timestamp": 1699543769.1228619, "_runtime": 80.10285997390747, "_step": 0, "_wandb": {"runtime": 79}}