{"err": 117.2936330505528, "_timestamp": 1699534101.1165905, "_runtime": 76.66062259674072, "_step": 0, "_wandb": {"runtime": 75}}