{"err": 191.66761214388904, "_timestamp": 1699579502.1784525, "_runtime": 82.6217246055603, "_step": 0, "_wandb": {"runtime": 82}}