{"err": 20.16969754978313, "_timestamp": 1699571800.969336, "_runtime": 119.72765302658081, "_step": 0, "_wandb": {"runtime": 119}}