{"err": 62.0817188920019, "_timestamp": 1699570963.5004776, "_runtime": 147.14151644706726, "_step": 0, "_wandb": {"runtime": 146}}