{"err": 115.43682544849511, "_timestamp": 1699552760.440036, "_runtime": 79.78674006462097, "_step": 0, "_wandb": {"runtime": 79}}