{"err": 117.54492770498237, "_timestamp": 1699545281.7155547, "_runtime": 90.25571060180664, "_step": 0, "_wandb": {"runtime": 89}}