{"err": 13.084676275848418, "_timestamp": 1699541499.178186, "_runtime": 99.12565994262695, "_step": 0, "_wandb": {"runtime": 98}}