{"err": 1321.981620117266, "_timestamp": 1699558240.7840633, "_runtime": 75.17692828178406, "_step": 0, "_wandb": {"runtime": 74}}