{"err": 50.70523150416131, "_timestamp": 1699545484.7935538, "_runtime": 79.67727494239807, "_step": 0, "_wandb": {"runtime": 78}}