{"err": 16.879789538732197, "_timestamp": 1699531432.0686169, "_runtime": 93.47935080528259, "_step": 0, "_wandb": {"runtime": 92}}