{"err": 0.005068068733799669, "_timestamp": 1688943410.574728, "_runtime": 83.09655404090881, "_step": 0, "_wandb": {"runtime": 81}}