{"err": 45.447988439416555, "_timestamp": 1699559436.866965, "_runtime": 74.45136308670044, "_step": 0, "_wandb": {"runtime": 73}}