{"err": 0.0026322595938559922, "_timestamp": 1688947229.1004689, "_runtime": 72.01345181465149, "_step": 0, "_wandb": {"runtime": 70}}