{"err": 113.7820885689018, "_timestamp": 1699544090.1549962, "_runtime": 65.91131925582886, "_step": 0, "_wandb": {"runtime": 65}}