{"err": 82.00553856359465, "_timestamp": 1699546942.5883322, "_runtime": 221.8771402835846, "_step": 0, "_wandb": {"runtime": 221}}