{"err": 45.42048534493456, "_timestamp": 1699541572.497393, "_runtime": 67.8579158782959, "_step": 0, "_wandb": {"runtime": 67}}