{"err": 0.005411580791834148, "_timestamp": 1688944961.4788415, "_runtime": 83.17117261886597, "_step": 0, "_wandb": {"runtime": 81}}