{"err": 110.37593758079417, "_timestamp": 1699533237.8788157, "_runtime": 77.2496726512909, "_step": 0, "_wandb": {"runtime": 76}}