{"err": 0.05016635620539916, "_timestamp": 1688948529.4275112, "_runtime": 44.7660973072052, "_step": 0, "_wandb": {"runtime": 43}}