{"err": 0.6267188529262748, "_timestamp": 1688942969.3430076, "_runtime": 83.1451005935669, "_step": 0, "_wandb": {"runtime": 81}}