{"err": 0.0029275571999223295, "_timestamp": 1688946944.113669, "_runtime": 72.23483395576477, "_step": 0, "_wandb": {"runtime": 71}}