{"err": 44.68400083593417, "_timestamp": 1699570062.0618832, "_runtime": 156.18924117088318, "_step": 0, "_wandb": {"runtime": 155}}