{"err": 202.68928114763884, "_timestamp": 1699536787.1327245, "_runtime": 70.46098041534424, "_step": 0, "_wandb": {"runtime": 69}}