{"err": 45.51548316557961, "_timestamp": 1699556751.5031147, "_runtime": 92.73649072647095, "_step": 0, "_wandb": {"runtime": 92}}