{"err": 27.458776234586843, "_timestamp": 1699537322.819667, "_runtime": 109.35191798210144, "_step": 0, "_wandb": {"runtime": 108}}