{"err": 86.0673868962726, "_timestamp": 1699560942.2457025, "_runtime": 75.13903141021729, "_step": 0, "_wandb": {"runtime": 74}}