{"err": 7.478177581757201, "_timestamp": 1699533054.7534313, "_runtime": 100.55172634124756, "_step": 0, "_wandb": {"runtime": 99}}