{"err": 30.730790941835856, "_timestamp": 1699530488.4846737, "_runtime": 44.70618677139282, "_step": 0, "_wandb": {"runtime": 43}}