{"err": 64.91381921476636, "_timestamp": 1699569891.7969553, "_runtime": 147.99569630622864, "_step": 0, "_wandb": {"runtime": 147}}