{"err": 45.375201155018225, "_timestamp": 1699561353.324742, "_runtime": 80.59220099449158, "_step": 0, "_wandb": {"runtime": 80}}