{"err": 46.56731849403813, "_timestamp": 1699565883.065341, "_runtime": 117.11405396461487, "_step": 0, "_wandb": {"runtime": 116}}