{"err": 23.260804049253938, "_timestamp": 1699550485.3564296, "_runtime": 80.22067451477051, "_step": 0, "_wandb": {"runtime": 79}}