{"err": 41.817235413675064, "_timestamp": 1699577394.0109103, "_runtime": 102.4845323562622, "_step": 0, "_wandb": {"runtime": 101}}