{"err": 149.79961945612646, "_timestamp": 1699563072.5817113, "_runtime": 199.697505235672, "_step": 0, "_wandb": {"runtime": 199}}