{"err": 16.562038401002635, "_timestamp": 1699550252.07219, "_runtime": 110.74253606796265, "_step": 0, "_wandb": {"runtime": 110}}