{"err": 137.016053276698, "_timestamp": 1699550841.007031, "_runtime": 66.45277094841003, "_step": 0, "_wandb": {"runtime": 65}}