{"err": 82.38678425545024, "_timestamp": 1699567504.1113136, "_runtime": 75.57542753219604, "_step": 0, "_wandb": {"runtime": 74}}