{"err": 52.504678836013056, "_timestamp": 1699569193.0333562, "_runtime": 73.39024424552917, "_step": 0, "_wandb": {"runtime": 72}}