{"err": 45.41961649104424, "_timestamp": 1699581610.5829608, "_runtime": 73.238609790802, "_step": 0, "_wandb": {"runtime": 72}}