{"err": 36.687689819551814, "_timestamp": 1699542634.3133674, "_runtime": 80.06153845787048, "_step": 0, "_wandb": {"runtime": 79}}