{"err": 85.55559749791273, "_timestamp": 1699531276.7247496, "_runtime": 71.19896960258484, "_step": 0, "_wandb": {"runtime": 70}}