{"err": 23.25387814092678, "_timestamp": 1699543311.0168495, "_runtime": 64.73834562301636, "_step": 0, "_wandb": {"runtime": 64}}