{"err": 30776.39723929754, "_timestamp": 1699534351.5493975, "_runtime": 76.87874841690063, "_step": 0, "_wandb": {"runtime": 75}}