{"err": 25.220961916381256, "_timestamp": 1699528567.2803245, "_runtime": 66.82084441184998, "_step": 0, "_wandb": {"runtime": 65}}