{"err": 21.309918720967108, "_timestamp": 1699540035.3047233, "_runtime": 109.75603437423706, "_step": 0, "_wandb": {"runtime": 108}}