{"err": 102.87622052332495, "_timestamp": 1699553404.2850492, "_runtime": 95.82819318771362, "_step": 0, "_wandb": {"runtime": 95}}