{"err": 26.027987362096138, "_timestamp": 1699550398.1834142, "_runtime": 65.86895728111267, "_step": 0, "_wandb": {"runtime": 65}}