{"err": 73.00528888865394, "_timestamp": 1699538301.6933184, "_runtime": 105.6897222995758, "_step": 0, "_wandb": {"runtime": 105}}