{"err": 44.66284781598227, "_timestamp": 1699549866.801819, "_runtime": 75.38653206825256, "_step": 0, "_wandb": {"runtime": 74}}