{"err": 105.0347652717024, "_timestamp": 1699528066.2150924, "_runtime": 62.86012649536133, "_step": 0, "_wandb": {"runtime": 62}}