{"err": 29.796357008153272, "_timestamp": 1699543382.8184273, "_runtime": 64.86522936820984, "_step": 0, "_wandb": {"runtime": 64}}