{"err": 104.71189421041043, "_timestamp": 1699560670.117002, "_runtime": 254.21745491027832, "_step": 0, "_wandb": {"runtime": 253}}