{"err": 0.015898239249950916, "_timestamp": 1688944431.294741, "_runtime": 44.94062280654907, "_step": 0, "_wandb": {"runtime": 43}}