{"err": 45.16833359828432, "_timestamp": 1699579082.98582, "_runtime": 127.4199321269989, "_step": 0, "_wandb": {"runtime": 126}}