{"err": 58.58705007234809, "_timestamp": 1699563677.039586, "_runtime": 92.37053108215332, "_step": 0, "_wandb": {"runtime": 91}}