{"err": 45.509260436171445, "_timestamp": 1699556336.5762885, "_runtime": 92.29557347297668, "_step": 0, "_wandb": {"runtime": 91}}