{"err": 72.00636301904844, "_timestamp": 1699536595.2370653, "_runtime": 82.75096940994263, "_step": 0, "_wandb": {"runtime": 81}}