{"err": 0.006266137818787079, "_timestamp": 1688944624.0415344, "_runtime": 99.67336440086365, "_step": 0, "_wandb": {"runtime": 98}}