{"err": 36.86973047925583, "_timestamp": 1699541047.8688374, "_runtime": 109.22783946990967, "_step": 0, "_wandb": {"runtime": 108}}