{"err": 45.325890191054974, "_timestamp": 1699538555.5275578, "_runtime": 109.49853992462158, "_step": 0, "_wandb": {"runtime": 108}}