{"err": 13.304351793187717, "_timestamp": 1699545033.9372194, "_runtime": 82.86353135108948, "_step": 0, "_wandb": {"runtime": 82}}