{"err": 45.35757330211765, "_timestamp": 1699570562.9989245, "_runtime": 95.16047143936157, "_step": 0, "_wandb": {"runtime": 94}}