{"err": 0.01273446512481356, "_timestamp": 1688945625.1017268, "_runtime": 88.25570774078369, "_step": 0, "_wandb": {"runtime": 87}}