{"err": 44.866642682533666, "_timestamp": 1699557976.7369256, "_runtime": 77.38733863830566, "_step": 0, "_wandb": {"runtime": 76}}