{"err": 241.71863221661738, "_timestamp": 1699553893.9135017, "_runtime": 92.6708767414093, "_step": 0, "_wandb": {"runtime": 92}}