{"err": 38.603156135226776, "_timestamp": 1699532949.5984128, "_runtime": 79.67300176620483, "_step": 0, "_wandb": {"runtime": 78}}