{"err": 31.904143690642808, "_timestamp": 1699528370.357487, "_runtime": 155.16185188293457, "_step": 0, "_wandb": {"runtime": 153}}