{"err": 73.29107040408103, "_timestamp": 1699563158.3632839, "_runtime": 74.62439894676208, "_step": 0, "_wandb": {"runtime": 74}}