{"err": 193.17046679121438, "_timestamp": 1699570452.191802, "_runtime": 100.12233209609985, "_step": 0, "_wandb": {"runtime": 99}}