{"err": 21.936106638166187, "_timestamp": 1699551543.2883832, "_runtime": 82.54390835762024, "_step": 0, "_wandb": {"runtime": 82}}