{"err": 26.40745689012478, "_timestamp": 1699571178.0140302, "_runtime": 112.27479219436646, "_step": 0, "_wandb": {"runtime": 111}}