{"err": 92.29513972563811, "_timestamp": 1699576268.8452885, "_runtime": 115.40579843521118, "_step": 0, "_wandb": {"runtime": 114}}