{"err": 42.84116224015949, "_timestamp": 1699549957.8695524, "_runtime": 83.97752332687378, "_step": 0, "_wandb": {"runtime": 83}}