{"err": 79.31899232281441, "_timestamp": 1699570802.0553048, "_runtime": 224.7432906627655, "_step": 0, "_wandb": {"runtime": 224}}