{"err": 63.133679208518494, "_timestamp": 1699563891.7780628, "_runtime": 94.05660271644592, "_step": 0, "_wandb": {"runtime": 93}}