{"err": 0.0035341520043601247, "_timestamp": 1688943183.2987823, "_runtime": 83.18607139587402, "_step": 0, "_wandb": {"runtime": 81}}