{"err": 45.38373778582737, "_timestamp": 1699560223.8880322, "_runtime": 64.31400108337402, "_step": 0, "_wandb": {"runtime": 63}}