{"err": 43.141945621832356, "_timestamp": 1699550558.5106275, "_runtime": 64.74760341644287, "_step": 0, "_wandb": {"runtime": 64}}