{"err": 7.278919694708917, "_timestamp": 1699532781.107118, "_runtime": 80.93068981170654, "_step": 0, "_wandb": {"runtime": 79}}