{"err": 103.93724726504274, "_timestamp": 1699533763.0623746, "_runtime": 77.43233251571655, "_step": 0, "_wandb": {"runtime": 76}}