{"err": 41.98103407193035, "_timestamp": 1699542704.8253677, "_runtime": 64.86454772949219, "_step": 0, "_wandb": {"runtime": 64}}