{"err": 45.51213367041403, "_timestamp": 1699555570.780634, "_runtime": 73.32534003257751, "_step": 0, "_wandb": {"runtime": 72}}