{"err": 18.016958434001012, "_timestamp": 1699551453.490716, "_runtime": 79.20068597793579, "_step": 0, "_wandb": {"runtime": 78}}