{"err": 180.310079662, "_timestamp": 1699541711.9612498, "_runtime": 77.01981782913208, "_step": 0, "_wandb": {"runtime": 76}}