{"err": 16.29616870467992, "_timestamp": 1699550767.1641417, "_runtime": 109.4421706199646, "_step": 0, "_wandb": {"runtime": 108}}