{"err": 16.897409976841665, "_timestamp": 1699570239.368683, "_runtime": 164.16441011428833, "_step": 0, "_wandb": {"runtime": 162}}