{"err": 1546.6914514871914, "_timestamp": 1699582542.2550957, "_runtime": 80.6286826133728, "_step": 0, "_wandb": {"runtime": 80}}