{"err": 105.34208619486458, "_timestamp": 1699534622.5836642, "_runtime": 96.230877161026, "_step": 0, "_wandb": {"runtime": 95}}