{"err": 45.52729400800136, "_timestamp": 1699532327.3498135, "_runtime": 192.4542293548584, "_step": 0, "_wandb": {"runtime": 191}}