{"err": 0.009157315493870725, "_timestamp": 1688946992.7369246, "_runtime": 44.741058588027954, "_step": 0, "_wandb": {"runtime": 43}}