{"err": 38.01832092653177, "_timestamp": 1699560058.5109723, "_runtime": 79.53371524810791, "_step": 0, "_wandb": {"runtime": 78}}