{"err": 0.006071213585881586, "_timestamp": 1688942543.8322237, "_runtime": 105.06170153617859, "_step": 0, "_wandb": {"runtime": 103}}