{"err": 21.681198616112702, "_timestamp": 1699540382.7336535, "_runtime": 109.51483750343323, "_step": 0, "_wandb": {"runtime": 108}}