{"err": 0.0106334679455934, "_timestamp": 1688942117.6882386, "_runtime": 45.434290647506714, "_step": 0, "_wandb": {"runtime": 43}}