{"err": 45.494021636557974, "_timestamp": 1699555984.3709767, "_runtime": 73.07318568229675, "_step": 0, "_wandb": {"runtime": 72}}