{"err": 43.540783223334515, "_timestamp": 1699542861.7900147, "_runtime": 80.10605883598328, "_step": 0, "_wandb": {"runtime": 79}}