{"err": 34.87034892174052, "_timestamp": 1699541906.7156546, "_runtime": 64.58924555778503, "_step": 0, "_wandb": {"runtime": 64}}