{"err": 0.010571163430164416, "_timestamp": 1688942785.8233202, "_runtime": 74.17082023620605, "_step": 0, "_wandb": {"runtime": 72}}