{"err": 34.17884214122253, "_timestamp": 1699531693.9742975, "_runtime": 74.91195464134216, "_step": 0, "_wandb": {"runtime": 73}}