{"err": 46.375545501835674, "_timestamp": 1699564393.0894256, "_runtime": 77.27004766464233, "_step": 0, "_wandb": {"runtime": 76}}