{"err": 0.002089988109505599, "_timestamp": 1688948152.4106016, "_runtime": 83.02618861198425, "_step": 0, "_wandb": {"runtime": 82}}