{"err": 0.011407287348134886, "_timestamp": 1688941718.346839, "_runtime": 72.38166403770447, "_step": 0, "_wandb": {"runtime": 70}}