{"err": 35.32902952466373, "_timestamp": 1699548479.5742836, "_runtime": 190.02822852134705, "_step": 0, "_wandb": {"runtime": 189}}