{"err": 34.42709909339719, "_timestamp": 1699539235.3252225, "_runtime": 109.3846025466919, "_step": 0, "_wandb": {"runtime": 108}}