{"err": 9.498084686192517, "_timestamp": 1699528144.765455, "_runtime": 73.16213703155518, "_step": 0, "_wandb": {"runtime": 71}}