{"err": 0.003987340234779322, "_timestamp": 1688944872.9029682, "_runtime": 83.1235101222992, "_step": 0, "_wandb": {"runtime": 81}}