{"err": 0.008516699931296653, "_timestamp": 1688946866.1852863, "_runtime": 44.45961022377014, "_step": 0, "_wandb": {"runtime": 43}}