{"err": 0.0020836075216276373, "_timestamp": 1688946166.9790988, "_runtime": 83.01607370376587, "_step": 0, "_wandb": {"runtime": 81}}