{"err": 42.29784177040211, "_timestamp": 1699532014.99166, "_runtime": 69.75339412689209, "_step": 0, "_wandb": {"runtime": 68}}