{"err": 100.09950391042183, "_timestamp": 1699555298.3622153, "_runtime": 80.42969226837158, "_step": 0, "_wandb": {"runtime": 79}}