{"err": 109.57114051458824, "_timestamp": 1699576028.4000092, "_runtime": 134.61261916160583, "_step": 0, "_wandb": {"runtime": 134}}