{"err": 68.17326795974455, "_timestamp": 1699548173.8483145, "_runtime": 83.94578647613525, "_step": 0, "_wandb": {"runtime": 83}}