{"err": 24.57252488439208, "_timestamp": 1699573271.6695316, "_runtime": 118.17641258239746, "_step": 0, "_wandb": {"runtime": 117}}