{"err": 64.7497730431895, "_timestamp": 1699534018.4746866, "_runtime": 77.1404025554657, "_step": 0, "_wandb": {"runtime": 76}}