{"err": 105.74943798356587, "_timestamp": 1699563352.8671894, "_runtime": 74.64270544052124, "_step": 0, "_wandb": {"runtime": 74}}