{"err": 203.65210449171772, "_timestamp": 1699558811.9157755, "_runtime": 75.15444564819336, "_step": 0, "_wandb": {"runtime": 74}}