{"err": 45.553369949232994, "_timestamp": 1699564580.9674745, "_runtime": 88.74786949157715, "_step": 0, "_wandb": {"runtime": 88}}