{"err": 101.56951657930065, "_timestamp": 1699533846.5233216, "_runtime": 77.68780565261841, "_step": 0, "_wandb": {"runtime": 76}}