{"err": 86.22189035712371, "_timestamp": 1699553605.2681298, "_runtime": 92.58915376663208, "_step": 0, "_wandb": {"runtime": 91}}