{"err": 25.06957831422656, "_timestamp": 1699529399.3438125, "_runtime": 59.13620352745056, "_step": 0, "_wandb": {"runtime": 57}}