{"err": 11213.683238206098, "_timestamp": 1699530931.6664264, "_runtime": 97.0943603515625, "_step": 0, "_wandb": {"runtime": 95}}