{"err": 83.11574912133503, "_timestamp": 1699542330.8660862, "_runtime": 42.11329436302185, "_step": 0, "_wandb": {"runtime": 41}}