{"err": 0.4939877141531177, "_timestamp": 1688943861.4582396, "_runtime": 70.04832744598389, "_step": 0, "_wandb": {"runtime": 68}}