{"err": 104.5526176880941, "_timestamp": 1699555653.2797875, "_runtime": 73.0546486377716, "_step": 0, "_wandb": {"runtime": 72}}