{"err": 55.9514059209529, "_timestamp": 1699549455.804295, "_runtime": 141.3410840034485, "_step": 0, "_wandb": {"runtime": 139}}