{"err": 61.90908792960924, "_timestamp": 1699574019.0495603, "_runtime": 133.5636432170868, "_step": 0, "_wandb": {"runtime": 133}}