{"err": 107.6685485941824, "_timestamp": 1699552864.3776731, "_runtime": 96.24898505210876, "_step": 0, "_wandb": {"runtime": 95}}