{"err": 14.75657293038429, "_timestamp": 1699552031.3938441, "_runtime": 92.72646903991699, "_step": 0, "_wandb": {"runtime": 92}}