{"err": 98.33171653579909, "_timestamp": 1699581804.0450118, "_runtime": 81.7663676738739, "_step": 0, "_wandb": {"runtime": 81}}