{"err": 170.81723060878298, "_timestamp": 1699548582.7589197, "_runtime": 96.35684871673584, "_step": 0, "_wandb": {"runtime": 95}}