{"err": 58.18281815658808, "_timestamp": 1699567415.577945, "_runtime": 107.09991598129272, "_step": 0, "_wandb": {"runtime": 106}}