{"err": 6.64859869225806, "_timestamp": 1699578381.519923, "_runtime": 115.95594692230225, "_step": 0, "_wandb": {"runtime": 115}}