{"err": 0.005279925437142377, "_timestamp": 1688944381.0983276, "_runtime": 82.97303462028503, "_step": 0, "_wandb": {"runtime": 81}}