{"err": 60.55655265409954, "_timestamp": 1699580183.8252451, "_runtime": 112.32693314552307, "_step": 0, "_wandb": {"runtime": 111}}