{"err": 42.58306956938389, "_timestamp": 1699538439.0525577, "_runtime": 132.22975873947144, "_step": 0, "_wandb": {"runtime": 131}}