{"err": 0.0827612557974111, "_timestamp": 1688948478.8113089, "_runtime": 48.465744972229004, "_step": 0, "_wandb": {"runtime": 47}}