{"err": 45.022619838705765, "_timestamp": 1699566531.7611122, "_runtime": 129.872816324234, "_step": 0, "_wandb": {"runtime": 129}}