{"err": 64.12153006229951, "_timestamp": 1699558514.4748423, "_runtime": 74.51330423355103, "_step": 0, "_wandb": {"runtime": 73}}