{"err": 0.0027107691622319974, "_timestamp": 1688942329.384458, "_runtime": 83.20894002914429, "_step": 0, "_wandb": {"runtime": 81}}