{"err": 0.017662533408952543, "_timestamp": 1688946515.850539, "_runtime": 44.9328498840332, "_step": 0, "_wandb": {"runtime": 43}}