{"err": 0.01769029654561171, "_timestamp": 1688948581.3014963, "_runtime": 46.762775182724, "_step": 0, "_wandb": {"runtime": 45}}