{"err": 0.007002763743695462, "_timestamp": 1688944691.6785886, "_runtime": 63.1056125164032, "_step": 0, "_wandb": {"runtime": 61}}