{"err": 89.60279359934395, "_timestamp": 1699534965.3927143, "_runtime": 77.72808337211609, "_step": 0, "_wandb": {"runtime": 76}}