{"err": 188.06719233482892, "_timestamp": 1699570336.9235582, "_runtime": 82.95585131645203, "_step": 0, "_wandb": {"runtime": 82}}