{"err": 0.027346800154438498, "_timestamp": 1688946464.9080482, "_runtime": 44.828283071517944, "_step": 0, "_wandb": {"runtime": 43}}