{"err": 0.003511880739018742, "_timestamp": 1688944044.3079453, "_runtime": 88.6863603591919, "_step": 0, "_wandb": {"runtime": 87}}