{"err": 56.61478196092959, "_timestamp": 1699571937.667753, "_runtime": 122.79102492332458, "_step": 0, "_wandb": {"runtime": 122}}