{"err": 82.05333880041663, "_timestamp": 1699555487.0087864, "_runtime": 92.46752142906189, "_step": 0, "_wandb": {"runtime": 91}}