{"err": 15.595913657622404, "_timestamp": 1699539350.5198424, "_runtime": 109.40644240379333, "_step": 0, "_wandb": {"runtime": 108}}