{"err": 1861.5724801228425, "_timestamp": 1699542547.7811568, "_runtime": 65.83736968040466, "_step": 0, "_wandb": {"runtime": 65}}