{"err": 21.949640014456225, "_timestamp": 1699533408.8043466, "_runtime": 83.04682350158691, "_step": 0, "_wandb": {"runtime": 81}}