{"err": 106.16894936119012, "_timestamp": 1699569340.1079278, "_runtime": 133.00463891029358, "_step": 0, "_wandb": {"runtime": 132}}