{"err": 45.405699299893776, "_timestamp": 1699560405.3751404, "_runtime": 65.4993155002594, "_step": 0, "_wandb": {"runtime": 64}}