{"err": 11.638532510916415, "_timestamp": 1699547269.7962646, "_runtime": 200.87401056289673, "_step": 0, "_wandb": {"runtime": 200}}