{"err": 45.31773840250117, "_timestamp": 1699558429.6708012, "_runtime": 74.41360807418823, "_step": 0, "_wandb": {"runtime": 73}}