{"err": 44.89643896989176, "_timestamp": 1699559523.4486253, "_runtime": 74.37452125549316, "_step": 0, "_wandb": {"runtime": 73}}