{"err": 35.195195543782866, "_timestamp": 1699575875.7900298, "_runtime": 155.0236268043518, "_step": 0, "_wandb": {"runtime": 154}}