{"err": 188.436190197816, "_timestamp": 1699579202.643596, "_runtime": 102.95246291160583, "_step": 0, "_wandb": {"runtime": 102}}