{"err": 40.606115522806, "_timestamp": 1699547868.5386648, "_runtime": 81.28178572654724, "_step": 0, "_wandb": {"runtime": 80}}