{"err": 101.43510113834635, "_timestamp": 1699575705.061641, "_runtime": 135.70716786384583, "_step": 0, "_wandb": {"runtime": 135}}