{"err": 102.09790314036603, "_timestamp": 1699581898.4797754, "_runtime": 76.67675638198853, "_step": 0, "_wandb": {"runtime": 76}}