{"err": 31.917428134199824, "_timestamp": 1699543037.9505484, "_runtime": 80.19665741920471, "_step": 0, "_wandb": {"runtime": 79}}