{"err": 26.830362761615348, "_timestamp": 1699546189.2917466, "_runtime": 76.47151350975037, "_step": 0, "_wandb": {"runtime": 75}}