{"err": 0.002903880139125068, "_timestamp": 1688947909.9231038, "_runtime": 82.90324974060059, "_step": 0, "_wandb": {"runtime": 81}}