{"err": 114.92483020156325, "_timestamp": 1699561260.3926952, "_runtime": 65.0871810913086, "_step": 0, "_wandb": {"runtime": 63}}