{"err": 101.09253617613805, "_timestamp": 1699563571.8188138, "_runtime": 96.31627988815308, "_step": 0, "_wandb": {"runtime": 95}}