{"err": 0.0790132285955412, "_timestamp": 1688945344.9402566, "_runtime": 46.42858552932739, "_step": 0, "_wandb": {"runtime": 45}}