{"err": 100.58150981214374, "_timestamp": 1699578057.0689363, "_runtime": 148.01801323890686, "_step": 0, "_wandb": {"runtime": 147}}