{"err": 38.069863882360266, "_timestamp": 1699544714.066845, "_runtime": 64.61059403419495, "_step": 0, "_wandb": {"runtime": 64}}