{"err": 45.2698936771437, "_timestamp": 1699581520.306653, "_runtime": 73.15770101547241, "_step": 0, "_wandb": {"runtime": 72}}