{"err": 46.01877521648265, "_timestamp": 1699577893.091828, "_runtime": 146.27513718605042, "_step": 0, "_wandb": {"runtime": 145}}