{"err": 467.9304986636028, "_timestamp": 1699543454.1529193, "_runtime": 65.80396819114685, "_step": 0, "_wandb": {"runtime": 65}}