{"err": 307337.3058394236, "_timestamp": 1699534433.6827154, "_runtime": 76.85197353363037, "_step": 0, "_wandb": {"runtime": 75}}