{"err": 26.89830499679646, "_timestamp": 1699537205.9779606, "_runtime": 104.39474058151245, "_step": 0, "_wandb": {"runtime": 103}}