{"err": 26.74304658237363, "_timestamp": 1699550959.048337, "_runtime": 109.51367902755737, "_step": 0, "_wandb": {"runtime": 108}}