{"err": 45.6466424127923, "_timestamp": 1699548280.9516394, "_runtime": 100.180002450943, "_step": 0, "_wandb": {"runtime": 99}}