{"err": 115.76343695891866, "_timestamp": 1699542190.3539255, "_runtime": 86.87166953086853, "_step": 0, "_wandb": {"runtime": 86}}