{"err": 9.372422972840075, "_timestamp": 1699532607.9119189, "_runtime": 92.67006397247314, "_step": 0, "_wandb": {"runtime": 91}}