{"err": 0.012044402016194776, "_timestamp": 1688944784.198, "_runtime": 87.57781386375427, "_step": 0, "_wandb": {"runtime": 86}}