{"err": 28.74233852984402, "_timestamp": 1699543239.7287998, "_runtime": 80.03671193122864, "_step": 0, "_wandb": {"runtime": 79}}