{"err": 115.04712170278816, "_timestamp": 1699552948.7573118, "_runtime": 75.13635182380676, "_step": 0, "_wandb": {"runtime": 74}}