{"err": 45.546426996336166, "_timestamp": 1699554834.0273695, "_runtime": 80.50565838813782, "_step": 0, "_wandb": {"runtime": 79}}