{"err": 103.76709280949892, "_timestamp": 1699534183.2691624, "_runtime": 76.65895748138428, "_step": 0, "_wandb": {"runtime": 75}}