{"err": 79.36301590243362, "_timestamp": 1699580712.6375885, "_runtime": 112.63634848594666, "_step": 0, "_wandb": {"runtime": 112}}