{"err": 323832.4770475077, "_timestamp": 1699559176.812806, "_runtime": 76.71828699111938, "_step": 0, "_wandb": {"runtime": 76}}