{"err": 123.7554377995851, "_timestamp": 1699553030.976663, "_runtime": 73.30980515480042, "_step": 0, "_wandb": {"runtime": 72}}