{"err": 109.53408139166734, "_timestamp": 1699548695.990897, "_runtime": 105.1460828781128, "_step": 0, "_wandb": {"runtime": 104}}