{"err": 45.56969931042962, "_timestamp": 1699566388.6656194, "_runtime": 78.52496647834778, "_step": 0, "_wandb": {"runtime": 77}}