{"err": 192.63178732075662, "_timestamp": 1699575332.2414608, "_runtime": 92.57117891311646, "_step": 0, "_wandb": {"runtime": 92}}