{"err": 99.71762155809253, "_timestamp": 1699535655.8347218, "_runtime": 84.55225086212158, "_step": 0, "_wandb": {"runtime": 83}}