{"err": 0.002218131537526582, "_timestamp": 1688942067.1678562, "_runtime": 71.01654124259949, "_step": 0, "_wandb": {"runtime": 69}}