{"err": 0.01615910996359239, "_timestamp": 1688946665.7639205, "_runtime": 44.71261954307556, "_step": 0, "_wandb": {"runtime": 43}}