{"err": 46.0608087573169, "_timestamp": 1699562298.9684043, "_runtime": 64.3462393283844, "_step": 0, "_wandb": {"runtime": 63}}