{"err": 45.48742633052029, "_timestamp": 1699555901.633101, "_runtime": 73.22564196586609, "_step": 0, "_wandb": {"runtime": 72}}