{"err": 121947719.14147823, "_timestamp": 1699536000.2275953, "_runtime": 103.72413921356201, "_step": 0, "_wandb": {"runtime": 102}}