{"err": 90.1766292515588, "_timestamp": 1699550058.3776267, "_runtime": 93.2855076789856, "_step": 0, "_wandb": {"runtime": 92}}