{"err": 200.1299444986144, "_timestamp": 1699535566.1734118, "_runtime": 70.08463382720947, "_step": 0, "_wandb": {"runtime": 69}}