{"err": 52.75990545527108, "_timestamp": 1699554243.865116, "_runtime": 73.21291494369507, "_step": 0, "_wandb": {"runtime": 72}}