{"err": 0.010443613282967558, "_timestamp": 1688945015.8703666, "_runtime": 48.494964599609375, "_step": 0, "_wandb": {"runtime": 47}}