{"err": 54.73817010191929, "_timestamp": 1699575554.1474504, "_runtime": 205.5202715396881, "_step": 0, "_wandb": {"runtime": 204}}