{"err": 46.12761378749249, "_timestamp": 1699581152.5781302, "_runtime": 73.43037629127502, "_step": 0, "_wandb": {"runtime": 72}}