{"err": 42.239445771456516, "_timestamp": 1699544483.416207, "_runtime": 80.09814214706421, "_step": 0, "_wandb": {"runtime": 79}}