{"err": 7.136755079801427, "_timestamp": 1699567758.481532, "_runtime": 154.92709612846375, "_step": 0, "_wandb": {"runtime": 154}}