{"err": 103.5162219418043, "_timestamp": 1699574324.492894, "_runtime": 290.14411902427673, "_step": 0, "_wandb": {"runtime": 289}}