{"err": 44.93524524942608, "_timestamp": 1699558982.7362897, "_runtime": 74.2262077331543, "_step": 0, "_wandb": {"runtime": 73}}