{"err": 102.68356901879321, "_timestamp": 1699548995.8346953, "_runtime": 136.2989592552185, "_step": 0, "_wandb": {"runtime": 135}}