{"err": 48.406450514354894, "_timestamp": 1699545183.9341733, "_runtime": 142.69925045967102, "_step": 0, "_wandb": {"runtime": 142}}