{"err": 0.006711548929194208, "_timestamp": 1688946765.6103113, "_runtime": 44.80244016647339, "_step": 0, "_wandb": {"runtime": 43}}