{"err": 193.6790818071147, "_timestamp": 1699536961.4229598, "_runtime": 70.29946970939636, "_step": 0, "_wandb": {"runtime": 69}}