{"err": 38.60359687537062, "_timestamp": 1699543857.190805, "_runtime": 80.51982498168945, "_step": 0, "_wandb": {"runtime": 79}}