{"err": 22.119986469014925, "_timestamp": 1699564702.5506427, "_runtime": 108.76110172271729, "_step": 0, "_wandb": {"runtime": 108}}