{"err": 105.08615321577369, "_timestamp": 1699535132.82932, "_runtime": 77.72836589813232, "_step": 0, "_wandb": {"runtime": 76}}