{"err": 10.030480615360172, "_timestamp": 1699578249.757812, "_runtime": 177.38896799087524, "_step": 0, "_wandb": {"runtime": 176}}