{"err": 98.91040286918334, "_timestamp": 1699536885.580884, "_runtime": 91.69266104698181, "_step": 0, "_wandb": {"runtime": 91}}