{"err": 0.0023028614879742515, "_timestamp": 1688948318.6743171, "_runtime": 72.18579721450806, "_step": 0, "_wandb": {"runtime": 71}}