{"err": 1.4456088189153353, "_timestamp": 1688941992.3056574, "_runtime": 72.24419331550598, "_step": 0, "_wandb": {"runtime": 70}}