{"err": 17.230230055617742, "_timestamp": 1699555735.1491396, "_runtime": 73.18772554397583, "_step": 0, "_wandb": {"runtime": 72}}