{"err": 116.51349908516092, "_timestamp": 1699534881.3481612, "_runtime": 82.9016842842102, "_step": 0, "_wandb": {"runtime": 81}}