{"err": 45.50846672983857, "_timestamp": 1699567152.6773648, "_runtime": 139.90766978263855, "_step": 0, "_wandb": {"runtime": 139}}