{"err": 106.91789664777464, "_timestamp": 1699557888.0657177, "_runtime": 113.98079681396484, "_step": 0, "_wandb": {"runtime": 111}}