{"err": 28.825606387012826, "_timestamp": 1699540151.9761863, "_runtime": 111.12697339057922, "_step": 0, "_wandb": {"runtime": 110}}