{"err": 45.20802140891842, "_timestamp": 1699557011.1317532, "_runtime": 76.06465911865234, "_step": 0, "_wandb": {"runtime": 74}}