{"err": 43.776988850603686, "_timestamp": 1699565557.0991147, "_runtime": 129.15591955184937, "_step": 0, "_wandb": {"runtime": 128}}