{"err": 45.4757598944701, "_timestamp": 1699564195.7238033, "_runtime": 95.95277428627014, "_step": 0, "_wandb": {"runtime": 95}}