{"err": 27.413383098993542, "_timestamp": 1699552209.237178, "_runtime": 82.645339012146, "_step": 0, "_wandb": {"runtime": 81}}