{"err": 41.51520554882071, "_timestamp": 1699542950.4548876, "_runtime": 80.17444062232971, "_step": 0, "_wandb": {"runtime": 79}}