{"err": 33.1073925615102, "_timestamp": 1699571570.4429662, "_runtime": 113.14204525947571, "_step": 0, "_wandb": {"runtime": 112}}