{"err": 45.43262972393057, "_timestamp": 1699543683.138232, "_runtime": 77.61650800704956, "_step": 0, "_wandb": {"runtime": 77}}