{"err": 106.89329305284315, "_timestamp": 1699582226.3800287, "_runtime": 95.55330872535706, "_step": 0, "_wandb": {"runtime": 95}}