{"err": 22.14011407035568, "_timestamp": 1699540267.4242506, "_runtime": 109.51654362678528, "_step": 0, "_wandb": {"runtime": 108}}