{"err": 79.20583417030005, "_timestamp": 1699579904.6416035, "_runtime": 125.78494954109192, "_step": 0, "_wandb": {"runtime": 125}}