{"err": 106.00950045958452, "_timestamp": 1699577275.397822, "_runtime": 118.07340478897095, "_step": 0, "_wandb": {"runtime": 117}}