{"err": 268.06106284455194, "_timestamp": 1699530696.7381086, "_runtime": 44.51727557182312, "_step": 0, "_wandb": {"runtime": 43}}