{"err": 33.55504147087472, "_timestamp": 1699551185.3288321, "_runtime": 127.58599710464478, "_step": 0, "_wandb": {"runtime": 127}}