{"err": 1.2682938876989114, "_timestamp": 1688941916.5629575, "_runtime": 60.59397649765015, "_step": 0, "_wandb": {"runtime": 59}}