{"err": 27.136692731560636, "_timestamp": 1699583523.083537, "_runtime": 99.00270009040833, "_step": 0, "_wandb": {"runtime": 98}}