{"err": 468739.4603285326, "_timestamp": 1699581059.403583, "_runtime": 96.78592610359192, "_step": 0, "_wandb": {"runtime": 96}}