{"err": 0.5415134536631688, "_timestamp": 1688942190.3197253, "_runtime": 57.80577635765076, "_step": 0, "_wandb": {"runtime": 56}}