{"err": 17.031317031953215, "_timestamp": 1699566131.8966978, "_runtime": 127.75530076026917, "_step": 0, "_wandb": {"runtime": 127}}