{"err": 0.004205445294722632, "_timestamp": 1688945530.842913, "_runtime": 83.19802284240723, "_step": 0, "_wandb": {"runtime": 82}}