{"err": 16.772643420327384, "_timestamp": 1699578779.0978315, "_runtime": 109.70835638046265, "_step": 0, "_wandb": {"runtime": 109}}