{"err": 0.2644604504014761, "_timestamp": 1688944294.2927127, "_runtime": 72.35698080062866, "_step": 0, "_wandb": {"runtime": 71}}