{"err": 107.2460677475926, "_timestamp": 1699577730.6170628, "_runtime": 319.3978269100189, "_step": 0, "_wandb": {"runtime": 318}}