{"err": 45.595115946732335, "_timestamp": 1699566297.3616529, "_runtime": 152.65760588645935, "_step": 0, "_wandb": {"runtime": 150}}