{"err": 22827.176895396835, "_timestamp": 1699580382.3729513, "_runtime": 180.57487034797668, "_step": 0, "_wandb": {"runtime": 180}}