{"err": 21.58983934509656, "_timestamp": 1699555207.4567547, "_runtime": 92.38760375976562, "_step": 0, "_wandb": {"runtime": 91}}