{"err": 51.62839274155958, "_timestamp": 1699539120.3515291, "_runtime": 109.5537121295929, "_step": 0, "_wandb": {"runtime": 108}}