{"err": 3450188.0850018384, "_timestamp": 1699583267.301607, "_runtime": 104.14966797828674, "_step": 0, "_wandb": {"runtime": 103}}