{"err": 45.463101921898286, "_timestamp": 1699560149.002228, "_runtime": 79.60699701309204, "_step": 0, "_wandb": {"runtime": 79}}