{"err": 20.45562424634763, "_timestamp": 1699544642.2602637, "_runtime": 64.55643057823181, "_step": 0, "_wandb": {"runtime": 64}}