{"err": 13.627300868324204, "_timestamp": 1699554935.9258938, "_runtime": 92.30635070800781, "_step": 0, "_wandb": {"runtime": 91}}