{"err": 41.00581908492662, "_timestamp": 1699532079.6516056, "_runtime": 59.195778608322144, "_step": 0, "_wandb": {"runtime": 58}}