{"err": 37.878157209421616, "_timestamp": 1699560856.2672908, "_runtime": 79.44036078453064, "_step": 0, "_wandb": {"runtime": 78}}