{"err": 34.64980260387598, "_timestamp": 1699572242.2463849, "_runtime": 162.16555094718933, "_step": 0, "_wandb": {"runtime": 161}}