{"err": 63.01673298971355, "_timestamp": 1699561626.6931727, "_runtime": 79.61460375785828, "_step": 0, "_wandb": {"runtime": 78}}