{"err": 45.132960652403725, "_timestamp": 1699530602.6295412, "_runtime": 110.05846118927002, "_step": 0, "_wandb": {"runtime": 108}}