{"err": 148.32025193586128, "_timestamp": 1699543597.869035, "_runtime": 65.93967795372009, "_step": 0, "_wandb": {"runtime": 65}}