{"err": 185.42841963872266, "_timestamp": 1699545556.8854668, "_runtime": 65.38379383087158, "_step": 0, "_wandb": {"runtime": 64}}