{"err": 18.832854157880508, "_timestamp": 1699540843.1647186, "_runtime": 109.3226056098938, "_step": 0, "_wandb": {"runtime": 108}}