{"err": 45.55431459921831, "_timestamp": 1699554741.1313994, "_runtime": 73.283367395401, "_step": 0, "_wandb": {"runtime": 72}}