{"err": 12.035625054924685, "_timestamp": 1699536711.4472272, "_runtime": 109.7402982711792, "_step": 0, "_wandb": {"runtime": 108}}