{"err": 45.42875743512611, "_timestamp": 1699530439.0080993, "_runtime": 109.87988042831421, "_step": 0, "_wandb": {"runtime": 108}}