{"err": 45.4731647686465, "_timestamp": 1699556066.9720964, "_runtime": 72.88145351409912, "_step": 0, "_wandb": {"runtime": 72}}