{"err": 45.25915956495669, "_timestamp": 1699567590.2861273, "_runtime": 73.08711528778076, "_step": 0, "_wandb": {"runtime": 72}}