{"err": 215.4165819023405, "_timestamp": 1699553792.1418, "_runtime": 75.00070190429688, "_step": 0, "_wandb": {"runtime": 74}}