{"err": 14.60116677191303, "_timestamp": 1699537782.1194184, "_runtime": 104.61783933639526, "_step": 0, "_wandb": {"runtime": 103}}