{"err": 3754.956451140411, "_timestamp": 1699558727.2317092, "_runtime": 96.57646012306213, "_step": 0, "_wandb": {"runtime": 95}}