{"err": 0.008755616274580082, "_timestamp": 1688946615.305195, "_runtime": 44.73489713668823, "_step": 0, "_wandb": {"runtime": 43}}