{"err": 88.55451977941287, "_timestamp": 1699576682.3449254, "_runtime": 119.58472943305969, "_step": 0, "_wandb": {"runtime": 119}}