{"err": 21.5994018890214, "_timestamp": 1699583143.2628832, "_runtime": 142.50986123085022, "_step": 0, "_wandb": {"runtime": 141}}