{"err": 33.66718662970047, "_timestamp": 1699579762.1002932, "_runtime": 119.23075914382935, "_step": 0, "_wandb": {"runtime": 118}}