{"err": 45.21780888563271, "_timestamp": 1699581336.2401133, "_runtime": 73.3099012374878, "_step": 0, "_wandb": {"runtime": 72}}