{"err": 0.0018069111849076326, "_timestamp": 1688944519.2172346, "_runtime": 83.04464364051819, "_step": 0, "_wandb": {"runtime": 81}}