{"err": 45.47704556135653, "_timestamp": 1699580849.9665189, "_runtime": 118.54958891868591, "_step": 0, "_wandb": {"runtime": 118}}