{"err": 9.565816067674039, "_timestamp": 1699528210.1335676, "_runtime": 59.29486966133118, "_step": 0, "_wandb": {"runtime": 57}}