{"err": 45.37285283060009, "_timestamp": 1699556544.9989145, "_runtime": 92.79357957839966, "_step": 0, "_wandb": {"runtime": 92}}