{"err": 0.004530282490919693, "_timestamp": 1688942707.1578562, "_runtime": 71.59535527229309, "_step": 0, "_wandb": {"runtime": 70}}