{"err": 45.99806017856867, "_timestamp": 1699528797.6501904, "_runtime": 225.39638137817383, "_step": 0, "_wandb": {"runtime": 223}}