{"err": 0.005596024680365848, "_timestamp": 1688945393.085445, "_runtime": 44.888577938079834, "_step": 0, "_wandb": {"runtime": 43}}