{"err": 97.76852664485583, "_timestamp": 1699582112.8187652, "_runtime": 96.30684614181519, "_step": 0, "_wandb": {"runtime": 95}}