{"err": 29.386095308300693, "_timestamp": 1699542097.9516106, "_runtime": 79.8381495475769, "_step": 0, "_wandb": {"runtime": 79}}