{"err": 74.96967874877984, "_timestamp": 1699534709.5199351, "_runtime": 82.64929914474487, "_step": 0, "_wandb": {"runtime": 81}}