{"err": 109.02666783914289, "_timestamp": 1699534521.035363, "_runtime": 80.87976694107056, "_step": 0, "_wandb": {"runtime": 79}}