{"err": 206.2923845889568, "_timestamp": 1699536155.12512, "_runtime": 78.49504494667053, "_step": 0, "_wandb": {"runtime": 77}}