{"err": 45.36634346624455, "_timestamp": 1699561535.655882, "_runtime": 79.6997299194336, "_step": 0, "_wandb": {"runtime": 79}}