{"err": 14.051384086179555, "_timestamp": 1699543153.518461, "_runtime": 109.38635492324829, "_step": 0, "_wandb": {"runtime": 108}}