{"err": 71.75840799474715, "_timestamp": 1699537434.0405648, "_runtime": 105.68832087516785, "_step": 0, "_wandb": {"runtime": 105}}