{"err": 45.2796645524967, "_timestamp": 1699581428.2892785, "_runtime": 73.26135754585266, "_step": 0, "_wandb": {"runtime": 72}}