{"err": 0.09314070318995195, "_timestamp": 1688942630.6689293, "_runtime": 81.21541142463684, "_step": 0, "_wandb": {"runtime": 79}}