{"err": 19.633827348982106, "_timestamp": 1699528874.2498822, "_runtime": 72.88727617263794, "_step": 0, "_wandb": {"runtime": 71}}