{"err": 0.00636035195802467, "_timestamp": 1688943022.580376, "_runtime": 48.30154895782471, "_step": 0, "_wandb": {"runtime": 47}}