{"err": 16.691686528656692, "_timestamp": 1699541163.0406547, "_runtime": 109.30154156684875, "_step": 0, "_wandb": {"runtime": 108}}