{"err": 45.498128894065715, "_timestamp": 1699565416.3236673, "_runtime": 109.70689630508423, "_step": 0, "_wandb": {"runtime": 109}}