{"err": 43.61598020042504, "_timestamp": 1699556150.24281, "_runtime": 73.00889897346497, "_step": 0, "_wandb": {"runtime": 72}}