{"err": 45.293433145783666, "_timestamp": 1699537897.8381941, "_runtime": 109.54142618179321, "_step": 0, "_wandb": {"runtime": 108}}