{"err": 246.8333996602066, "_timestamp": 1699542475.9597495, "_runtime": 65.79319548606873, "_step": 0, "_wandb": {"runtime": 65}}