{"err": 36.68135802239034, "_timestamp": 1699543945.0193317, "_runtime": 80.38629961013794, "_step": 0, "_wandb": {"runtime": 79}}