{"err": 0.0033833994799271267, "_timestamp": 1688947668.5829418, "_runtime": 69.79123973846436, "_step": 0, "_wandb": {"runtime": 68}}