{"err": 0.005423630943217695, "_timestamp": 1688946715.416536, "_runtime": 44.66681408882141, "_step": 0, "_wandb": {"runtime": 43}}