{"err": 23.25888399913474, "_timestamp": 1699543524.9241624, "_runtime": 64.59958148002625, "_step": 0, "_wandb": {"runtime": 64}}