{"err": 175.39962698362248, "_timestamp": 1699571442.9231436, "_runtime": 106.68667960166931, "_step": 0, "_wandb": {"runtime": 106}}