{"err": 27.392198849676976, "_timestamp": 1699547991.275916, "_runtime": 115.88799405097961, "_step": 0, "_wandb": {"runtime": 113}}