{"err": 45.2967246947623, "_timestamp": 1699561017.0355246, "_runtime": 64.20944356918335, "_step": 0, "_wandb": {"runtime": 63}}