{"err": 8.048956461326503, "_timestamp": 1699537672.013551, "_runtime": 99.64086604118347, "_step": 0, "_wandb": {"runtime": 99}}