{"err": 32.702679999480104, "_timestamp": 1699549306.2536666, "_runtime": 80.25350260734558, "_step": 0, "_wandb": {"runtime": 79}}