{"err": 16.246951796852922, "_timestamp": 1699530648.5158012, "_runtime": 42.077070236206055, "_step": 0, "_wandb": {"runtime": 40}}