{"err": 45.5411215172138, "_timestamp": 1699556233.7785523, "_runtime": 74.48043036460876, "_step": 0, "_wandb": {"runtime": 73}}