{"err": 49.36089050465278, "_timestamp": 1699572065.7906075, "_runtime": 113.94496941566467, "_step": 0, "_wandb": {"runtime": 113}}