{"err": 0.00711273243059565, "_timestamp": 1688945442.9125075, "_runtime": 44.99435758590698, "_step": 0, "_wandb": {"runtime": 43}}