{"err": 33.69493090794451, "_timestamp": 1699557455.549252, "_runtime": 82.50783395767212, "_step": 0, "_wandb": {"runtime": 81}}