{"err": 92.39281850336545, "_timestamp": 1699533679.7245624, "_runtime": 77.27297735214233, "_step": 0, "_wandb": {"runtime": 76}}