{"err": 45.27044090117043, "_timestamp": 1699571051.4905396, "_runtime": 73.44138860702515, "_step": 0, "_wandb": {"runtime": 72}}