{"err": 70.60468304356175, "_timestamp": 1699530275.572219, "_runtime": 44.11352586746216, "_step": 0, "_wandb": {"runtime": 42}}