{"err": 45.437327321152424, "_timestamp": 1699562862.6108341, "_runtime": 79.76259517669678, "_step": 0, "_wandb": {"runtime": 79}}