{"err": 0.0017060680150454376, "_timestamp": 1688947593.539014, "_runtime": 83.02998304367065, "_step": 0, "_wandb": {"runtime": 81}}