{"err": 111.09502242474568, "_timestamp": 1699541835.4985418, "_runtime": 59.08162975311279, "_step": 0, "_wandb": {"runtime": 58}}