{"err": 37.5038318435262, "_timestamp": 1699571320.9378786, "_runtime": 128.1908745765686, "_step": 0, "_wandb": {"runtime": 127}}