{"err": 195.13735868070555, "_timestamp": 1699536070.6632507, "_runtime": 64.87950277328491, "_step": 0, "_wandb": {"runtime": 64}}