{"err": 100.93935871945365, "_timestamp": 1699542281.5529008, "_runtime": 84.4564778804779, "_step": 0, "_wandb": {"runtime": 83}}