{"err": 84.38694012646936, "_timestamp": 1699562540.52741, "_runtime": 229.3607840538025, "_step": 0, "_wandb": {"runtime": 228}}