{"err": 0.0033474044968316258, "_timestamp": 1688946815.5235012, "_runtime": 44.978310108184814, "_step": 0, "_wandb": {"runtime": 43}}