{"err": 65.93401026917711, "_timestamp": 1699572677.7464306, "_runtime": 111.62721753120422, "_step": 0, "_wandb": {"runtime": 111}}