{"err": 135.97705637565744, "_timestamp": 1699532381.3051226, "_runtime": 49.225544691085815, "_step": 0, "_wandb": {"runtime": 48}}