{"err": 0.018567002318646563, "_timestamp": 1688943322.092452, "_runtime": 44.760019063949585, "_step": 0, "_wandb": {"runtime": 43}}