{"err": 45.487223949747616, "_timestamp": 1699565991.8380983, "_runtime": 96.05893325805664, "_step": 0, "_wandb": {"runtime": 95}}