{"err": 102.34810188614033, "_timestamp": 1699554409.0327125, "_runtime": 73.21873140335083, "_step": 0, "_wandb": {"runtime": 72}}