{"err": 59.39654991408082, "_timestamp": 1699540728.0841455, "_runtime": 109.34949254989624, "_step": 0, "_wandb": {"runtime": 108}}