{"err": 45.384059104255705, "_timestamp": 1699538662.229074, "_runtime": 101.23898696899414, "_step": 0, "_wandb": {"runtime": 100}}