{"err": 17.07731153811397, "_timestamp": 1699537096.3104348, "_runtime": 127.96364879608154, "_step": 0, "_wandb": {"runtime": 127}}