{"err": 0.00448215154186619, "_timestamp": 1688946216.8590035, "_runtime": 44.65337252616882, "_step": 0, "_wandb": {"runtime": 43}}