{"err": 68.18906220941349, "_timestamp": 1699528961.8713934, "_runtime": 82.30787134170532, "_step": 0, "_wandb": {"runtime": 80}}