{"err": 46.724089449345335, "_timestamp": 1699555105.5438905, "_runtime": 73.04466652870178, "_step": 0, "_wandb": {"runtime": 72}}