{"err": 106.44796985133439, "_timestamp": 1699533597.2716942, "_runtime": 93.94264125823975, "_step": 0, "_wandb": {"runtime": 92}}