{"err": 0.004465433057261267, "_timestamp": 1688946029.2431138, "_runtime": 44.64598369598389, "_step": 0, "_wandb": {"runtime": 43}}