{"err": 122.979509069182, "_timestamp": 1699544178.79674, "_runtime": 82.44384813308716, "_step": 0, "_wandb": {"runtime": 81}}