{"err": 43.63772818869134, "_timestamp": 1699554573.4174461, "_runtime": 72.97310614585876, "_step": 0, "_wandb": {"runtime": 72}}