{"err": 35.02821368529228, "_timestamp": 1699557688.3879368, "_runtime": 82.60556292533875, "_step": 0, "_wandb": {"runtime": 82}}