{"err": 148.3568249267429, "_timestamp": 1699547505.821852, "_runtime": 228.76936197280884, "_step": 0, "_wandb": {"runtime": 228}}