{"err": 0.003427839259214659, "_timestamp": 1688943272.218772, "_runtime": 83.0570478439331, "_step": 0, "_wandb": {"runtime": 81}}