{"err": 52.20146510528509, "_timestamp": 1699567884.1404169, "_runtime": 112.2846667766571, "_step": 0, "_wandb": {"runtime": 111}}