{"err": 1861.5724801228425, "_timestamp": 1699544018.252493, "_runtime": 65.92648196220398, "_step": 0, "_wandb": {"runtime": 65}}