{"err": 0.13889467507978331, "_timestamp": 1688945674.2287502, "_runtime": 44.83125615119934, "_step": 0, "_wandb": {"runtime": 43}}