{"err": 13.947452645396313, "_timestamp": 1699539804.9180186, "_runtime": 109.43225359916687, "_step": 0, "_wandb": {"runtime": 108}}