{"err": 45.2753619970229, "_timestamp": 1699559351.9680474, "_runtime": 74.306889295578, "_step": 0, "_wandb": {"runtime": 73}}