{"err": 0.06931242402105406, "_timestamp": 1688941576.08203, "_runtime": 42.97380495071411, "_step": 0, "_wandb": {"runtime": 42}}