{"err": 71.29646298431169, "_timestamp": 1699578937.6873698, "_runtime": 142.1317958831787, "_step": 0, "_wandb": {"runtime": 141}}