{"err": 54.818914706554324, "_timestamp": 1699567296.0635252, "_runtime": 130.80815029144287, "_step": 0, "_wandb": {"runtime": 129}}