{"err": 69.10879383108941, "_timestamp": 1699581705.120832, "_runtime": 76.03357887268066, "_step": 0, "_wandb": {"runtime": 75}}