{"err": 41.73753076187321, "_timestamp": 1699563996.050386, "_runtime": 92.87884306907654, "_step": 0, "_wandb": {"runtime": 92}}