{"err": 40.68594379894326, "_timestamp": 1699549217.5532565, "_runtime": 80.29902839660645, "_step": 0, "_wandb": {"runtime": 79}}