{"err": 59664.31094861546, "_timestamp": 1699562223.1998641, "_runtime": 203.98283910751343, "_step": 0, "_wandb": {"runtime": 203}}