{"err": 45.126322895235376, "_timestamp": 1699529335.0961878, "_runtime": 102.23362374305725, "_step": 0, "_wandb": {"runtime": 100}}