{"err": 67.71374019889033, "_timestamp": 1699527204.694415, "_runtime": 63.26607298851013, "_step": 0, "_wandb": {"runtime": 62}}