{"err": 69.73442537536836, "_timestamp": 1699542012.0567396, "_runtime": 98.27951049804688, "_step": 0, "_wandb": {"runtime": 97}}