{"err": 261.27527688165594, "_timestamp": 1699553219.1799116, "_runtime": 95.76013255119324, "_step": 0, "_wandb": {"runtime": 95}}