{"err": 1047.6929912383641, "_timestamp": 1699544252.7100134, "_runtime": 66.27055835723877, "_step": 0, "_wandb": {"runtime": 65}}