{"err": 101.42872802815782, "_timestamp": 1699577140.8224802, "_runtime": 205.0119571685791, "_step": 0, "_wandb": {"runtime": 204}}