{"err": 0.0061659657244100075, "_timestamp": 1688945097.09332, "_runtime": 77.97856378555298, "_step": 0, "_wandb": {"runtime": 76}}