{"err": 45.44011258637698, "_timestamp": 1699562768.9369504, "_runtime": 79.59565949440002, "_step": 0, "_wandb": {"runtime": 79}}