{"err": 29.32898459912498, "_timestamp": 1699579627.278936, "_runtime": 108.0649619102478, "_step": 0, "_wandb": {"runtime": 107}}