{"err": 0.0015867000978387067, "_timestamp": 1688948240.4283962, "_runtime": 83.01129531860352, "_step": 0, "_wandb": {"runtime": 82}}