{"err": 107.25600014503215, "_timestamp": 1699552671.852669, "_runtime": 75.07825589179993, "_step": 0, "_wandb": {"runtime": 74}}