{"err": 0.0028352085405808263, "_timestamp": 1688947416.139043, "_runtime": 83.15699815750122, "_step": 0, "_wandb": {"runtime": 82}}