{"err": 184.2873442111648, "_timestamp": 1699576918.7413929, "_runtime": 82.83359575271606, "_step": 0, "_wandb": {"runtime": 82}}