{"err": 0.8666228764256696, "_timestamp": 1688941776.6532402, "_runtime": 54.618003129959106, "_step": 0, "_wandb": {"runtime": 53}}