{"err": 45.15264039538228, "_timestamp": 1699533498.0477178, "_runtime": 83.00964379310608, "_step": 0, "_wandb": {"runtime": 82}}