{"err": 15.706178024147505, "_timestamp": 1699548853.1012473, "_runtime": 149.91835141181946, "_step": 0, "_wandb": {"runtime": 149}}