{"err": 107.8237871526255, "_timestamp": 1699568613.0573816, "_runtime": 225.0685715675354, "_step": 0, "_wandb": {"runtime": 224}}