{"err": 63.034461185863776, "_timestamp": 1699541769.8584204, "_runtime": 52.18545937538147, "_step": 0, "_wandb": {"runtime": 51}}