{"err": 45.92859053650199, "_timestamp": 1699569106.8306687, "_runtime": 217.6091446876526, "_step": 0, "_wandb": {"runtime": 217}}