{"err": 25.974579350411318, "_timestamp": 1699573647.450788, "_runtime": 117.88146090507507, "_step": 0, "_wandb": {"runtime": 117}}