{"err": 46.57424698900167, "_timestamp": 1699558155.9891744, "_runtime": 93.97582530975342, "_step": 0, "_wandb": {"runtime": 93}}