{"err": 0.0019072203722510543, "_timestamp": 1688941851.9319112, "_runtime": 72.21050930023193, "_step": 0, "_wandb": {"runtime": 70}}