{"err": 45.32512869520987, "_timestamp": 1699559699.2586167, "_runtime": 74.39317464828491, "_step": 0, "_wandb": {"runtime": 73}}