{"err": 35.74368313442747, "_timestamp": 1699568373.7761428, "_runtime": 102.3452627658844, "_step": 0, "_wandb": {"runtime": 101}}