{"err": 126.63935113470635, "_timestamp": 1699576426.0213056, "_runtime": 140.95224452018738, "_step": 0, "_wandb": {"runtime": 140}}