{"err": 0.03106440075899714, "_timestamp": 1688945294.5441973, "_runtime": 45.75346326828003, "_step": 0, "_wandb": {"runtime": 44}}