{"err": 0.02454777695761368, "_timestamp": 1688948423.7958503, "_runtime": 48.48616623878479, "_step": 0, "_wandb": {"runtime": 47}}