{"err": 107.4027568906749, "_timestamp": 1699533321.6821806, "_runtime": 77.78768563270569, "_step": 0, "_wandb": {"runtime": 76}}