{"err": 107.31833566712588, "_timestamp": 1699534270.2584622, "_runtime": 80.51772022247314, "_step": 0, "_wandb": {"runtime": 79}}