{"err": 45.259012850911965, "_timestamp": 1699560328.353882, "_runtime": 92.57839703559875, "_step": 0, "_wandb": {"runtime": 92}}