{"err": 8.449986909951035, "_timestamp": 1699574576.6733937, "_runtime": 139.25198078155518, "_step": 0, "_wandb": {"runtime": 138}}