{"err": 31.386411927340436, "_timestamp": 1699545923.785193, "_runtime": 132.73804306983948, "_step": 0, "_wandb": {"runtime": 132}}