{"err": 38.79648306888013, "_timestamp": 1699564304.2655857, "_runtime": 95.9114875793457, "_step": 0, "_wandb": {"runtime": 95}}