{"err": 199.64637295112317, "_timestamp": 1699567980.457845, "_runtime": 82.24198198318481, "_step": 0, "_wandb": {"runtime": 81}}