{"err": 106.53389785087147, "_timestamp": 1699552588.2132971, "_runtime": 96.33665204048157, "_step": 0, "_wandb": {"runtime": 95}}