{"err": 73.32880074321592, "_timestamp": 1699565167.1873848, "_runtime": 107.81867384910583, "_step": 0, "_wandb": {"runtime": 107}}