{"err": 31.214802669426955, "_timestamp": 1699546712.8361664, "_runtime": 140.55526328086853, "_step": 0, "_wandb": {"runtime": 139}}