{"err": 0.0033844147248196124, "_timestamp": 1688944217.1151183, "_runtime": 75.32287931442261, "_step": 0, "_wandb": {"runtime": 74}}