{"err": 62.32121468013915, "_timestamp": 1699574772.329517, "_runtime": 181.30058693885803, "_step": 0, "_wandb": {"runtime": 180}}