{"err": 17.257581324530243, "_timestamp": 1699537567.8128524, "_runtime": 127.58154940605164, "_step": 0, "_wandb": {"runtime": 127}}