{"err": 109.25612081279597, "_timestamp": 1699553707.410932, "_runtime": 92.53854417800903, "_step": 0, "_wandb": {"runtime": 91}}