{"err": 45.36042581872222, "_timestamp": 1699552399.4008334, "_runtime": 92.99110841751099, "_step": 0, "_wandb": {"runtime": 92}}