{"err": 171.4802987703315, "_timestamp": 1699540612.8744879, "_runtime": 109.2776198387146, "_step": 0, "_wandb": {"runtime": 108}}