{"err": 44.15178140469878, "_timestamp": 1699556924.2284553, "_runtime": 76.97061419487, "_step": 0, "_wandb": {"runtime": 76}}