{"err": 0.0577691379051279, "_timestamp": 1688943634.5035968, "_runtime": 83.05732989311218, "_step": 0, "_wandb": {"runtime": 81}}