{"err": 189.2459654402647, "_timestamp": 1699554326.9781287, "_runtime": 74.2030246257782, "_step": 0, "_wandb": {"runtime": 72}}