{"err": 6.27581980475376, "_timestamp": 1699536507.4832962, "_runtime": 102.05681109428406, "_step": 0, "_wandb": {"runtime": 101}}