{"err": 45.21708223599129, "_timestamp": 1699568259.2426918, "_runtime": 121.53898763656616, "_step": 0, "_wandb": {"runtime": 120}}