{"err": 32.735904049922404, "_timestamp": 1699557596.1542366, "_runtime": 127.84843349456787, "_step": 0, "_wandb": {"runtime": 127}}