{"err": 101.48341055831158, "_timestamp": 1699563462.2746332, "_runtime": 96.56877613067627, "_step": 0, "_wandb": {"runtime": 95}}