{"err": 106.77965571620368, "_timestamp": 1699538772.2471154, "_runtime": 104.35274934768677, "_step": 0, "_wandb": {"runtime": 103}}