{"err": 41.978496391433396, "_timestamp": 1699544570.0722458, "_runtime": 80.18514490127563, "_step": 0, "_wandb": {"runtime": 79}}