{"err": 123.7455199073991, "_timestamp": 1699538074.18112, "_runtime": 82.78344702720642, "_step": 0, "_wandb": {"runtime": 82}}