{"err": 201.7620855476678, "_timestamp": 1699560764.5983694, "_runtime": 84.57377028465271, "_step": 0, "_wandb": {"runtime": 83}}