{"err": 45.40000248192293, "_timestamp": 1699561184.4991438, "_runtime": 79.59094095230103, "_step": 0, "_wandb": {"runtime": 79}}