{"err": 119.20938942327096, "_timestamp": 1699553977.2198195, "_runtime": 73.13859248161316, "_step": 0, "_wandb": {"runtime": 72}}