{"err": 500.1931396696997, "_timestamp": 1699558051.639879, "_runtime": 64.86147093772888, "_step": 0, "_wandb": {"runtime": 64}}