{"err": 123.06204213072212, "_timestamp": 1699530980.035987, "_runtime": 42.239152908325195, "_step": 0, "_wandb": {"runtime": 41}}