{"err": 45.363015454380196, "_timestamp": 1699561092.5179331, "_runtime": 64.2285270690918, "_step": 0, "_wandb": {"runtime": 63}}