{"err": 24.694147512757336, "_timestamp": 1699540497.6341765, "_runtime": 109.3792085647583, "_step": 0, "_wandb": {"runtime": 108}}