{"err": 44.90531429171857, "_timestamp": 1699562008.0102112, "_runtime": 117.98907232284546, "_step": 0, "_wandb": {"runtime": 117}}