{"err": 100.98645384674708, "_timestamp": 1699556442.6680148, "_runtime": 96.03832769393921, "_step": 0, "_wandb": {"runtime": 95}}