{"err": 98.87544478616563, "_timestamp": 1699547062.3792996, "_runtime": 113.7055275440216, "_step": 0, "_wandb": {"runtime": 113}}