{"err": 16.035284885485083, "_timestamp": 1699555819.8721414, "_runtime": 73.1633894443512, "_step": 0, "_wandb": {"runtime": 72}}