{"err": 112.45578537957884, "_timestamp": 1699553114.6100059, "_runtime": 75.12144184112549, "_step": 0, "_wandb": {"runtime": 74}}