{"err": 45.20812329157759, "_timestamp": 1699557275.2844403, "_runtime": 82.58575630187988, "_step": 0, "_wandb": {"runtime": 82}}