{"err": 45.38115138329976, "_timestamp": 1699561802.065539, "_runtime": 79.52580690383911, "_step": 0, "_wandb": {"runtime": 78}}