{"err": 45.391829911926045, "_timestamp": 1699535048.1583173, "_runtime": 77.18946027755737, "_step": 0, "_wandb": {"runtime": 76}}