{"err": 0.010693063124073003, "_timestamp": 1688947281.604397, "_runtime": 48.437216997146606, "_step": 0, "_wandb": {"runtime": 47}}