{"err": 45.57048523753608, "_timestamp": 1699566846.56631, "_runtime": 140.48330903053284, "_step": 0, "_wandb": {"runtime": 139}}