{"err": 246532.84896781945, "_timestamp": 1699566692.3858538, "_runtime": 146.4725158214569, "_step": 0, "_wandb": {"runtime": 145}}