{"err": 100.30713216794085, "_timestamp": 1699582348.6138895, "_runtime": 104.23785257339478, "_step": 0, "_wandb": {"runtime": 103}}