{"err": 179.5531718130063, "_timestamp": 1699574421.5383277, "_runtime": 82.67315864562988, "_step": 0, "_wandb": {"runtime": 82}}