{"err": 39.86666326251758, "_timestamp": 1699562676.9840858, "_runtime": 124.58213686943054, "_step": 0, "_wandb": {"runtime": 124}}