{"err": 53.22026280792235, "_timestamp": 1699578553.9067245, "_runtime": 157.06658053398132, "_step": 0, "_wandb": {"runtime": 156}}