{"err": 0.004002639716673468, "_timestamp": 1688945979.5520396, "_runtime": 59.54959154129028, "_step": 0, "_wandb": {"runtime": 58}}