{"err": 0.04288753129345516, "_timestamp": 1688947329.327227, "_runtime": 42.0479691028595, "_step": 0, "_wandb": {"runtime": 40}}