{"err": 11.1243928837188, "_timestamp": 1699552482.4339416, "_runtime": 74.50084066390991, "_step": 0, "_wandb": {"runtime": 73}}