{"err": 28.606495121302085, "_timestamp": 1699535778.9814448, "_runtime": 116.24096584320068, "_step": 0, "_wandb": {"runtime": 115}}