{"err": 5147.620052774674, "_timestamp": 1699558897.2002487, "_runtime": 74.79066681861877, "_step": 0, "_wandb": {"runtime": 74}}