{"err": 0.004386195381360322, "_timestamp": 1688942382.805363, "_runtime": 48.51865887641907, "_step": 0, "_wandb": {"runtime": 47}}