{"err": 0.02461999224062755, "_timestamp": 1688946566.7361395, "_runtime": 45.91059851646423, "_step": 0, "_wandb": {"runtime": 44}}