{"err": 0.002293018175837875, "_timestamp": 1688946291.895317, "_runtime": 69.93685007095337, "_step": 0, "_wandb": {"runtime": 68}}