{"err": 46.06895942237792, "_timestamp": 1699554659.981965, "_runtime": 77.27839303016663, "_step": 0, "_wandb": {"runtime": 76}}