{"err": 72.32232280390511, "_timestamp": 1699569731.2173576, "_runtime": 217.90001273155212, "_step": 0, "_wandb": {"runtime": 217}}