{"err": 30.638769552200262, "_timestamp": 1699549682.8728802, "_runtime": 66.1415491104126, "_step": 0, "_wandb": {"runtime": 65}}