{"err": 21.392190867378126, "_timestamp": 1699529476.0085235, "_runtime": 70.45775055885315, "_step": 0, "_wandb": {"runtime": 69}}