{"err": 0.004018564782745032, "_timestamp": 1688947058.767036, "_runtime": 61.06493306159973, "_step": 0, "_wandb": {"runtime": 59}}