{"err": 105.1482042250383, "_timestamp": 1699530226.9984372, "_runtime": 264.7342641353607, "_step": 0, "_wandb": {"runtime": 263}}