{"err": 46.043663167118055, "_timestamp": 1699563266.0522425, "_runtime": 94.8868944644928, "_step": 0, "_wandb": {"runtime": 94}}