{"err": 196.85417938286736, "_timestamp": 1699553300.621395, "_runtime": 73.28073501586914, "_step": 0, "_wandb": {"runtime": 72}}