{"err": 96.43003879164178, "_timestamp": 1699574901.6731808, "_runtime": 113.56116986274719, "_step": 0, "_wandb": {"runtime": 113}}