{"err": 0.06776468531121822, "_timestamp": 1688948371.4173496, "_runtime": 47.8336615562439, "_step": 0, "_wandb": {"runtime": 46}}