{"err": 197.21488091904914, "_timestamp": 1699576137.535659, "_runtime": 92.6976170539856, "_step": 0, "_wandb": {"runtime": 92}}