{"err": 1804.5697498561935, "_timestamp": 1699544326.0455892, "_runtime": 65.77030324935913, "_step": 0, "_wandb": {"runtime": 65}}