{"err": 101.43527772773004, "_timestamp": 1699563786.206659, "_runtime": 96.0392529964447, "_step": 0, "_wandb": {"runtime": 95}}