{"err": 1.2504025068302989, "_timestamp": 1688942242.3616965, "_runtime": 48.07606554031372, "_step": 0, "_wandb": {"runtime": 46}}