{"err": 40.073065690513126, "_timestamp": 1699559614.463664, "_runtime": 79.48504114151001, "_step": 0, "_wandb": {"runtime": 78}}