{"err": 41.16010245469185, "_timestamp": 1699534793.3621662, "_runtime": 77.21428322792053, "_step": 0, "_wandb": {"runtime": 76}}