{"err": 14.222994929295066, "_timestamp": 1699541278.2099252, "_runtime": 109.33379125595093, "_step": 0, "_wandb": {"runtime": 108}}