{"err": 52.179865010172364, "_timestamp": 1699573138.8817198, "_runtime": 299.6669828891754, "_step": 0, "_wandb": {"runtime": 299}}