{"err": 101.95455782120989, "_timestamp": 1699582442.8484478, "_runtime": 75.14534974098206, "_step": 0, "_wandb": {"runtime": 74}}