{"err": 97.49775775779885, "_timestamp": 1699535891.32335, "_runtime": 106.39751386642456, "_step": 0, "_wandb": {"runtime": 104}}