{"err": 0.04331757395120351, "_timestamp": 1688943546.4283931, "_runtime": 42.60302114486694, "_step": 0, "_wandb": {"runtime": 41}}