{"err": 45.516272921588296, "_timestamp": 1699538880.0247238, "_runtime": 101.20396280288696, "_step": 0, "_wandb": {"runtime": 100}}