{"err": 0.0036788853055765487, "_timestamp": 1688948063.6537716, "_runtime": 72.49132370948792, "_step": 0, "_wandb": {"runtime": 71}}