{"err": 0.0029939116499842467, "_timestamp": 1688945839.7401829, "_runtime": 72.49057388305664, "_step": 0, "_wandb": {"runtime": 71}}