{"err": 0.002359493816008372, "_timestamp": 1688947822.7700028, "_runtime": 72.11204791069031, "_step": 0, "_wandb": {"runtime": 71}}