{"err": 22.86256115134274, "_timestamp": 1699558344.0638456, "_runtime": 92.47516560554504, "_step": 0, "_wandb": {"runtime": 91}}