{"err": 106.29834695216033, "_timestamp": 1699547779.7334492, "_runtime": 91.41247320175171, "_step": 0, "_wandb": {"runtime": 90}}