{"err": 27.02415653905038, "_timestamp": 1699542403.2330654, "_runtime": 64.73952341079712, "_step": 0, "_wandb": {"runtime": 64}}