{"err": 279998.48845836567, "_timestamp": 1699557362.1711564, "_runtime": 76.91914534568787, "_step": 0, "_wandb": {"runtime": 76}}