{"err": 19.950394500525817, "_timestamp": 1699546474.7735188, "_runtime": 277.32005977630615, "_step": 0, "_wandb": {"runtime": 276}}