{"err": 0.0017000856892254344, "_timestamp": 1688945915.6106646, "_runtime": 72.07979369163513, "_step": 0, "_wandb": {"runtime": 71}}