{"err": 170.06559089368773, "_timestamp": 1699569498.825941, "_runtime": 144.68855214118958, "_step": 0, "_wandb": {"runtime": 142}}