{"err": 43.473913122740505, "_timestamp": 1699558621.5804691, "_runtime": 96.00172019004822, "_step": 0, "_wandb": {"runtime": 95}}