{"err": 45.56107012256301, "_timestamp": 1699582660.8996937, "_runtime": 98.65229368209839, "_step": 0, "_wandb": {"runtime": 98}}