{"err": 46.07679106317735, "_timestamp": 1699559968.388208, "_runtime": 79.55264687538147, "_step": 0, "_wandb": {"runtime": 78}}