{"err": 44.88135033171597, "_timestamp": 1699541628.3113244, "_runtime": 50.53805232048035, "_step": 0, "_wandb": {"runtime": 49}}