{"err": 5.649727387263548, "_timestamp": 1699529956.5666156, "_runtime": 103.07906746864319, "_step": 0, "_wandb": {"runtime": 101}}