{"err": 45.201633366650576, "_timestamp": 1699537984.846074, "_runtime": 82.6908872127533, "_step": 0, "_wandb": {"runtime": 82}}