{"err": 121.65877856162747, "_timestamp": 1699533934.9317796, "_runtime": 82.80717372894287, "_step": 0, "_wandb": {"runtime": 81}}