{"err": 34.24783030909278, "_timestamp": 1699551750.7040856, "_runtime": 198.50575947761536, "_step": 0, "_wandb": {"runtime": 197}}