{"err": 200.64722643670265, "_timestamp": 1699578653.7241278, "_runtime": 83.32895684242249, "_step": 0, "_wandb": {"runtime": 82}}