{"err": 181.81628490368516, "_timestamp": 1699574998.7400997, "_runtime": 82.6875147819519, "_step": 0, "_wandb": {"runtime": 82}}