{"err": 0.0022719598877984945, "_timestamp": 1688945762.2586155, "_runtime": 83.12411642074585, "_step": 0, "_wandb": {"runtime": 81}}