{"err": 43.65092148737072, "_timestamp": 1699530781.8234081, "_runtime": 80.81722021102905, "_step": 0, "_wandb": {"runtime": 79}}