{"err": 18.4298641954101, "_timestamp": 1699568125.2792125, "_runtime": 130.13481545448303, "_step": 0, "_wandb": {"runtime": 129}}