{"err": 0.0017249069023085929, "_timestamp": 1688947504.1718009, "_runtime": 83.19440174102783, "_step": 0, "_wandb": {"runtime": 82}}