{"err": 45.26025397469911, "_timestamp": 1699556648.122036, "_runtime": 92.68734788894653, "_step": 0, "_wandb": {"runtime": 91}}