{"err": 113.58811917203855, "_timestamp": 1699582980.4865916, "_runtime": 82.54661655426025, "_step": 0, "_wandb": {"runtime": 81}}