{"err": 99.58238621131153, "_timestamp": 1699531939.4539244, "_runtime": 239.15675044059753, "_step": 0, "_wandb": {"runtime": 237}}