{"err": 42.307375058032974, "_timestamp": 1699533154.1300235, "_runtime": 92.67881536483765, "_step": 0, "_wandb": {"runtime": 91}}