{"err": 19667862135.398586, "_timestamp": 1699582781.1389287, "_runtime": 100.69793963432312, "_step": 0, "_wandb": {"runtime": 100}}