{"err": 161.46872207946782, "_timestamp": 1699554161.5066626, "_runtime": 73.07649755477905, "_step": 0, "_wandb": {"runtime": 72}}