{"err": 12.386682988084992, "_timestamp": 1699531333.043257, "_runtime": 51.25486707687378, "_step": 0, "_wandb": {"runtime": 50}}