{"err": 239.54369293070184, "_timestamp": 1699536265.8098423, "_runtime": 105.3746874332428, "_step": 0, "_wandb": {"runtime": 104}}