{"err": 17.57280451835959, "_timestamp": 1699542775.8344781, "_runtime": 64.48326206207275, "_step": 0, "_wandb": {"runtime": 64}}