{"err": 45.38759362957213, "_timestamp": 1699557764.1790848, "_runtime": 65.03645586967468, "_step": 0, "_wandb": {"runtime": 64}}