{"err": 242.98085395299663, "_timestamp": 1699580582.9051776, "_runtime": 183.51461267471313, "_step": 0, "_wandb": {"runtime": 183}}