{"err": 40.99938715724506, "_timestamp": 1699556836.7919576, "_runtime": 75.07988262176514, "_step": 0, "_wandb": {"runtime": 74}}