{"err": 175.22548126040562, "_timestamp": 1699571667.2002547, "_runtime": 81.73833656311035, "_step": 0, "_wandb": {"runtime": 81}}