{"err": 15.90173524145424, "_timestamp": 1699528496.2203062, "_runtime": 120.90880417823792, "_step": 0, "_wandb": {"runtime": 119}}