{"err": 45.52171395963103, "_timestamp": 1699567000.049721, "_runtime": 139.82751297950745, "_step": 0, "_wandb": {"runtime": 139}}