{"err": 43.64744016161967, "_timestamp": 1699565046.7958667, "_runtime": 179.50196981430054, "_step": 0, "_wandb": {"runtime": 178}}