{"err": 28.87214640045497, "_timestamp": 1699551929.6241293, "_runtime": 170.26428723335266, "_step": 0, "_wandb": {"runtime": 169}}