{"err": 90.97533078260842, "_timestamp": 1699582878.539454, "_runtime": 77.20004606246948, "_step": 0, "_wandb": {"runtime": 76}}