{"err": 84.93738703594553, "_timestamp": 1699529847.9831157, "_runtime": 41.345730781555176, "_step": 0, "_wandb": {"runtime": 40}}