{"err": 115.54433920902135, "_timestamp": 1699576818.2599177, "_runtime": 120.57133364677429, "_step": 0, "_wandb": {"runtime": 119}}