{"err": 0.009139859794456976, "_timestamp": 1688942434.029053, "_runtime": 46.99844002723694, "_step": 0, "_wandb": {"runtime": 45}}