{"err": 45.71194126514909, "_timestamp": 1699561877.5548856, "_runtime": 64.29760670661926, "_step": 0, "_wandb": {"runtime": 63}}