{"err": 45.27143225159598, "_timestamp": 1699559788.3595407, "_runtime": 79.41466569900513, "_step": 0, "_wandb": {"runtime": 78}}