{"err": 45.56425636581743, "_timestamp": 1699555384.6394913, "_runtime": 76.72590041160583, "_step": 0, "_wandb": {"runtime": 76}}