{"err": 16.54351137692171, "_timestamp": 1699529551.3188825, "_runtime": 71.43371558189392, "_step": 0, "_wandb": {"runtime": 70}}