{"err": 929.2513096026396, "_timestamp": 1699529752.3695178, "_runtime": 44.70711588859558, "_step": 0, "_wandb": {"runtime": 43}}