{"err": 177.611347728736, "_timestamp": 1699548081.7369766, "_runtime": 80.93581652641296, "_step": 0, "_wandb": {"runtime": 80}}