{"err": 40.375233438843566, "_timestamp": 1699549784.5108042, "_runtime": 93.23292517662048, "_step": 0, "_wandb": {"runtime": 92}}