{"err": 238.9771266551578, "_timestamp": 1699550132.742311, "_runtime": 66.54789304733276, "_step": 0, "_wandb": {"runtime": 65}}