{"err": 69.91472062365938, "_timestamp": 1699529703.426452, "_runtime": 51.62558197975159, "_step": 0, "_wandb": {"runtime": 50}}