{"err": 8.778940893665116, "_timestamp": 1699572823.147487, "_runtime": 130.5286409854889, "_step": 0, "_wandb": {"runtime": 129}}