{"err": 23.25507450697855, "_timestamp": 1699531095.2536385, "_runtime": 110.71808362007141, "_step": 0, "_wandb": {"runtime": 108}}