{"err": 23.10126058131177, "_timestamp": 1699529228.151254, "_runtime": 110.23833298683167, "_step": 0, "_wandb": {"runtime": 108}}