{"err": 11.102553545260756, "_timestamp": 1699573870.2820709, "_runtime": 207.32759475708008, "_step": 0, "_wandb": {"runtime": 206}}