{"err": 111.29029463748726, "_timestamp": 1699550325.2206516, "_runtime": 64.74483871459961, "_step": 0, "_wandb": {"runtime": 64}}