{"err": 108.43426264325062, "_timestamp": 1699583403.6022365, "_runtime": 118.60067939758301, "_step": 0, "_wandb": {"runtime": 118}}