{"err": 0.020564802857285822, "_timestamp": 1688945243.9380157, "_runtime": 44.941322803497314, "_step": 0, "_wandb": {"runtime": 43}}