{"err": 20.792977338681712, "_timestamp": 1699539005.268627, "_runtime": 109.42636799812317, "_step": 0, "_wandb": {"runtime": 108}}