{"err": 93.44389344859287, "_timestamp": 1699535400.5259979, "_runtime": 76.75633192062378, "_step": 0, "_wandb": {"runtime": 75}}