{"err": 195.9606083733864, "_timestamp": 1699557093.595951, "_runtime": 72.44095301628113, "_step": 0, "_wandb": {"runtime": 71}}