{"err": 67.111781840055, "_timestamp": 1699532865.306931, "_runtime": 78.20423913002014, "_step": 0, "_wandb": {"runtime": 77}}