{"err": 39.70746318944539, "_timestamp": 1699529111.772668, "_runtime": 75.95798993110657, "_step": 0, "_wandb": {"runtime": 74}}